<?xml version="1.0"?>
<ScatterFile xmlns="http://schemas.microsoft.com/netmf/ScatterfileSchema.xsd">

    <!-- STM32F2 with 768k internal Flash and 128k internal RAM  -->

    <Set Name="Valid" Value="false"/>

    <!-- ################################################################################ -->

    <Set Name="RAM_Start"      Value="0x20000000"/>

    <Set Name="Heap_Begin"              Value="0x2000C000"/>
    <Set Name="Heap_End"                Value="0x2001DDF8"/>

    <!-- Custom heap used for interrupt handler table only -->
    
    <Set Name="Stack_Bottom"            Value="0x2001DE00"/><!-- Size=2000 -->
    <Set Name="Stack_Top"               Value="0x2001FDF8"/>

    <Set Name="Custom_Heap_Begin"       Value="0x2001FE00"/><!-- Size = 0200 -->
    <Set Name="Custom_Heap_End"         Value="0x2001FFF8"/>


    <If Name="TARGETLOCATION" In="FLASH">
<!--      <Set Name="Boot_BaseAddress"    Value="0x08000000"/> -->
      <Set Name="Config_BaseAddress"  Value="0x0800C000"/>
      <Set Name="Code_BaseAddress"    Value="0x08040000"/>
      <Set Name="Deploy_BaseAddress"  Value="0x08010000"/>
      <!--<Set Name="Boot_Size"           Value="%Config_BaseAddress - Boot_BaseAddress%"/>-->
<!--      <Set Name="Code_Size"           Value="%Deploy_BaseAddress - Code_BaseAddress%" /> -->
      <Set Name="Code_Size"           Value="0x00080000"/>
      <Set Name="Config_Size"         Value="0x00004000"/>
      <Set Name="Valid"               Value="true"/>
    </If>

    <If Name="TARGETLOCATION" In="RAM">
        <Set Name="Code_BaseAddress"    Value="0x68000000"/>
        <Set Name="Code_Size"           Value="0x00070000"/>
        <Set Name="Valid"               Value="true"/>
    </If>

    <!-- ################################################################################ -->

    <If Name="Valid" Value="false">
        <Error Message="Configuration not recognized"/>
    </If>

    <NamedGroup Name="MEMORY">
      <IfDefined Name="Boot_BaseAddress">
        <LoadRegion Name="LR_BOOT" Base="%Boot_BaseAddress%" Size="%Boot_Size%"/>
      </IfDefined>
      <LoadRegion Name="LR_%TARGETLOCATION%" Base="%Code_BaseAddress%" Size="%Code_Size%"/>
      <IfDefined Name="Config_BaseAddress">
        <LoadRegion Name="LR_CONFIG" Base="%Config_BaseAddress%" Size="%Config_Size%"/>
      </IfDefined>
      <IfDefined Name="Data_BaseAddress">
        <LoadRegion Name="LR_DAT" Base="%Data_BaseAddress%" Size="%Data_Size%"/>
      </IfDefined>
      <LoadRegion Name="HEAP" Base="%Heap_Begin%" Size="%Heap_End - Heap_Begin% + 1"/>
      <LoadRegion Name="STACK" Base="%Stack_Bottom%" Size="%Stack_Top - Stack_Bottom% + 1"/>
      <LoadRegion Name="RELOC_RAM" Base="%RAM_Start%" Size="128K"/>
    </NamedGroup>

    <EntryPoint Name="EntryPoint"/>

    <NamedGroup Name="SECTIONS">

      <IfDefined Name="Boot_BaseAddress">
        <ExecRegion Name="ER_BOOT" Options="&gt;LR_BOOT">
          <FileMapping Name="*" Options="(i.EntryPoint)" /> <!-- the entry pointer section goes into this region -->
          <!-- the following did not really have to be here; I was just trying to make better use of the rest this 16k section -->
          <FileMapping Name="*" Options="(i.*)" />
          <FileMapping Name="*" Options="(t.*)" />
          <FileMapping Name="*" Options="(.glue*)" />
          <FileMapping Name="*" Options="(SectionForFlashOperations)" />       
          <FileMapping Name="*" Options="(SectionForBootstrapOperations)" />
        </ExecRegion>
      </IfDefined>

      <ExecRegion Name="ER_%TARGETLOCATION%" Options="&gt;LR_%TARGETLOCATION%">
        <IfNotDefined Name="Boot_BaseAddress">
          <FileMapping Name="*" Options="(i.EntryPoint)" />
          <FileMapping Name="*" Options="(i.*)" />
          <FileMapping Name="*" Options="(t.*)" />
          <FileMapping Name="*" Options="(.glue*)" />
          <FileMapping Name="*" Options="(SectionForFlashOperations)" />       
          <FileMapping Name="*" Options="(SectionForBootstrapOperations)" />
        </IfNotDefined>
        <FileMapping Name="*" Options="(.text*)" />
        <FileMapping Name="*" Options="(.rodata*)" />
        <FileMapping Name="*" Options="(rodata)" />
        <FileMapping Name="*" Options="(.constdata*)" />
        <FileMapping Name="*" Options="(.conststring*)" />
        <IfNotDefined Name="Data_BaseAddress">
          <FileMapping Name="*" Options="(tinyclr_metadata)" />
        </IfNotDefined>
        <IfNotDefined Name="Config_BaseAddress">
          <FileMapping Name="*" Options="(SectionForConfig)" />
        </IfNotDefined>
        <Include File="%SPOCLIENT%\Solutions\Netduino2\scatterfile_gcc_missing_symbols.xml"/>
      </ExecRegion>
      <ExecRegion Name="ER_RAM_RO" Align="0x10" Options="&gt;RELOC_RAM AT&gt;LR_%TARGETLOCATION%">
        <FileMapping Name="*" Options="(VectorsTrampolines)" />
      </ExecRegion>
      <ExecRegion Name="ER_RAM_RW" Align="0x10" Options="&gt;RELOC_RAM AT&gt;LR_%TARGETLOCATION%">
        <FileMapping Name="*" Options="(rwdata)" />
        <FileMapping Name="*" Options="(.data*)" /> 
      </ExecRegion>
      <ExecRegion Name=".bss" Align="0x10" Options="&gt;RELOC_RAM">
        <FileMapping Name="*" Options="(.zidata*)" />
        <FileMapping Name="*" Options="(.bss*)" />
        <FileMapping Name="PROVIDE(__exidx_start = .);" />
        <FileMapping Name="PROVIDE(__exidx_end = .);" />
      </ExecRegion>
      <ExecRegion Name="/DISCARD/">
       <FileMapping Name="*" Options="(.ARM.exidx*)" />
        <FileMapping Name="*" Options="(.ARM.extab*)" />
      </ExecRegion>
      <ExecRegion Name="ER_HEAP_BEGIN" Base="%Heap_Begin%">
        <FileMapping Name="*" Options="(SectionForHeapBegin)" />
      </ExecRegion>
      <ExecRegion Name="ER_HEAP_END" Base="%Heap_End%">
        <FileMapping Name="*" Options="(SectionForHeapEnd)" />
      </ExecRegion>
      
      <ExecRegion Name="ER_CUSTOM_HEAP_BEGIN" Base="%Custom_Heap_Begin%">
        <FileMapping Name="*" Options="(SectionForCustomHeapBegin)" />
      </ExecRegion>
      <ExecRegion Name="ER_CUSTOM_HEAP_END" Base="%Custom_Heap_End%">
        <FileMapping Name="*" Options="(SectionForCustomHeapEnd)" />
      </ExecRegion>

      <ExecRegion Name="ER_STACK_BOTTOM" Base="%Stack_Bottom%">
        <FileMapping Name="*" Options="(SectionForStackBottom)" />
      </ExecRegion>
      <ExecRegion Name="ER_STACK_TOP" Base="%Stack_Top%">
        <FileMapping Name="*" Options="(SectionForStackTop)" />
      </ExecRegion>

      <IfDefined Name="Config_BaseAddress">
        <ExecRegion Name="ER_CONFIG" Options="&gt;LR_CONFIG">
          <FileMapping Name="*" Options="(SectionForConfig)" />
        </ExecRegion>
      </IfDefined>
      <IfDefined Name="Data_BaseAddress">
        <ExecRegion Name="ER_DAT" Options="&gt;LR_DAT">
          <FileMapping Name="*" Options="(tinyclr_metadata)" />
        </ExecRegion>
      </IfDefined>
    </NamedGroup>

    <!-- The following variables are used to simulate the ones autogenerated by RVDS -->
    <GlobalVariable Name="Load$$ER_%TARGETLOCATION%$$Base"          Value="ADDR(ER_%TARGETLOCATION%)"/>
    <GlobalVariable Name="Image$$ER_%TARGETLOCATION%$$Length"       Value="SIZEOF(ER_%TARGETLOCATION%)"/>

    <GlobalVariable Name="Image$$ER_RAM_RO$$Base"                   Value="ADDR(ER_RAM_RO)"/>
    <GlobalVariable Name="Image$$ER_RAM_RO$$Length"                 Value="SIZEOF(ER_RAM_RO)"/>
    <GlobalVariable Name="Load$$ER_RAM_RO$$Base"                    Value="LOADADDR(ER_RAM_RO)"/>

    <GlobalVariable Name="Image$$ER_RAM_RW$$Base"                   Value="ADDR(ER_RAM_RW)"/>
    <GlobalVariable Name="Image$$ER_RAM_RW$$Length"                 Value="SIZEOF(ER_RAM_RW)"/>
    <GlobalVariable Name="Load$$ER_RAM_RW$$Base"                    Value="LOADADDR(ER_RAM_RW)"/>
    <GlobalVariable Name="Image$$ER_RAM_RW$$ZI$$Base"               Value="ADDR(.bss)"/>
    <GlobalVariable Name="Image$$ER_RAM_RW$$ZI$$Length"             Value="SIZEOF(.bss)"/>
    <GlobalVariable Name="__use_no_semihosting_swi"                 Value="0"/>

</ScatterFile>

